﻿<parameters>
  <parameter name="IIS Web Application Name" defaultValue="SPSiteCreator" tags="IisApp">
    <parameterEntry kind="ProviderPath" scope="IisApp" match="^C:\\Users\\ivan\.GSI\\Source\\Repos\\SPOSiteCollectionCreation\\Provisioning\.SiteCollectionCreationWeb\\obj\\Release\\Package\\PackageTmp$" />
    <parameterEntry kind="ProviderPath" scope="setAcl" match="^C:\\Users\\ivan\.GSI\\Source\\Repos\\SPOSiteCollectionCreation\\Provisioning\.SiteCollectionCreationWeb\\obj\\Release\\Package\\PackageTmp$" />
  </parameter>
  <parameter name="ClientId" description="Value for ClientId here." defaultValue="test" tags="applicationSettings">
    <parameterEntry kind="XmlFile" scope="web.config$" match="/configuration/appSettings/add[@key='ClientId']/@value" />
  </parameter>
  <parameter name="ClientSecret" description="Value for ClientSecret here." defaultValue="test" tags="applicationSettings">
    <parameterEntry kind="XmlFile" scope="web.config$" match="/configuration/appSettings/add[@key='ClientSecret']/@value" />
  </parameter>
</parameters>